{
  "train_file": "c:\\xampp\\htdocs\\capstone_local\\ml_model\\Training Set.csv",
  "train_file_mtime": 1762957515.4459493,
  "random_state": 42,
  "threshold": 0.5,
  "label_threshold": 0.61875,
  "model_type": "RandomForestClassifier",
  "cached_at": "2025-11-14 23:33:22",
  "metrics": {
    "accuracy": 0.8172043010752689,
    "precision": 0.827972709551657,
    "recall": 0.8172043010752689,
    "f1_score": 0.8201847903340441,
    "roc_auc": 0.8834547346514048,
    "baseline_accuracy": 0.6666666666666666,
    "confusion_matrix": {
      "true_negatives": 51,
      "false_positives": 11,
      "false_negatives": 6,
      "true_positives": 25
    }
  }
}